AADI US;Healthcare;Biotechnology;Health Care;Pharmaceuticals, Biotechnology & Life Sciences;Biotechnology;Biotechnology
AALB AS;Industrials;Specialty Industrial Machinery;Industrials;Capital Goods;Machinery;Industrial Machinery & Supplies & Components
AAON US;Industrials;Building Products & Equipment;Industrials;Capital Goods;Building Products;Building Products
AAQ1 F;Healthcare;Medical Devices;Health Care;Health Care Equipment & Services;Health Care Equipment & Supplies;Health Care Equipment
AIR US;Industrials;Aerospace & Defense;Industrials;Capital Goods;Aerospace & Defense;Aerospace & Defense
ARL F;Financial Services;Banks-Regional;Financials;Banks;Banks;Regional Banks
AAN US;Industrials;Rental & Leasing Services;Consumer Discretionary;Consumer Discretionary Distribution & Retail;Specialty Retail;Homefurnishing Retail
AB PA;Healthcare;Drug Manufacturers - Specialty & Generic;Health Care;Pharmaceuticals, Biotechnology & Life Sciences;Pharmaceuticals;Pharmaceuticals
ABBN SW;Industrials;Electrical Equipment & Parts;Industrials;Capital Goods;Electrical Equipment;Electrical Components & Equipment
